#Country,ID,Name,Family,Gender,Culture, Religion,Martial,Charisma,Finesse,Zeal,Wealth,Loyalty,Popularity,Birthday,Father,Mother,Spouse,Vanity,Traits,Party,Offices,ruler,DNA,
ROM,0,Publius Sempronius NICKNAME_SOPHUS,Sempronii,M,roman,roman_pantheon,7,7,8,8,200,80,60,401,,,,yes,jealous|victorious|wise,civic_party,,ruler,,
ROM,1,Appius Claudius NICKNAME_CAECUS,Claudii,M,roman,roman_pantheon,6,7,9,7,900,60,60,414,,,,,scholar|founder|maimed,mercantile_party,,,,
ROM,2,Lucius Postumius NICKNAME_MEGELLUS,Postumii,M,roman,roman_pantheon,8,4,8,7,600,70,70,403,,,,,arrogant|prominent,mercantile_party,,,,
ROM,3,Marcus Fulvius NICKNAME_CURVUS,Fulvii,M,roman,roman_pantheon,8,5,4,4,200,60,30,407,,,,,unnoticeable|stubborn,religious_party,,,,
ROM,4,Quintus Marcius NICKNAME_TREMULUS,Marcii,M,roman,roman_pantheon,7,5,5,3,100,50,40,400,,,,,victorious,populist_party,,,,
ROM,5,Publius Decius NICKNAME_MUS,Decii,M,roman,roman_pantheon,8,7,3,7,200,70,40,406,,,,,brave|prominent,military_party,,,,
ROM,6,Quintus Fabius NICKNAME_RULLIANUS,Fabii,M,roman,roman_pantheon,10,7,8,6,600,60,70,398,,,,,victorious|prominent|stubborn,military_party,office_censor,,,
ROM,7,Publius Sulpicius NICKNAME_SAVERRIO,Sulpicii,M,roman,roman_pantheon,8,5,5,7,200,70,30,415,,,,,ugly|cautious,military_party,,co_ruler,,
ROM,8,Lucius Papirius NICKNAME_CURSOR,Papirii,M,roman,roman_pantheon,10,9,6,8,500,80,70,390,,,,,tactician|wounded,military_party,,,,
ROM,9,Gaius Junius NICKNAME_BUBULCUS,Junii,M,roman,roman_pantheon,11,8,6,5,600,60,60,400,,,,,crafty|aggressive|prominent,civic_party,office_tribune_of_the_soldiers,,,
ROM,10,Marcus Valerius NICKNAME_CORVUS,Valerii,M,roman,roman_pantheon,10,9,8,7,800,90,70,380,,,,,victorious|generous,military_party,,,,
TRE,11,Nikaia,Antipatrid,F,macedonian,roman_pantheon,3,6,5,5,150,90,30,419,,,,,antipatrid|forgiving|good_natured,,,,,
ROM,12,Aulus,Verginii,M,roman,roman_pantheon,5,7,8,7,2000,60,10,390,,,,,shrewd,mercantile_party,,,,
ROM,13,Aulia,Verginii,F,roman,roman_pantheon,2,5,3,9,50,70,20,421,12,,,,devout,,,,,
ROM,14,Publius Cornelius NICKNAME_ARVINA,Cornelii,M,roman,roman_pantheon,8,6,6,6,300,70,30,403,,,,,arrogant,civic_party,,,,
ROM,15,Quintus Fabius NICKNAME_GURGES,Fabii,M,roman,roman_pantheon,7,9,7,6,500,70,50,421,,,,,crafty|gluttonous|coward,military_party,,,,
ROM,16,Gaius Fabius NICKNAME_LICINUS,Fabii,M,roman,roman_pantheon,6,5,7,5,500,70,40,429,,,,,unnoticeable|stubborn,religious_party,,,,
ROM,17,Publius Cornelius NICKNAME_BARBATUS,Cornelii,M,roman,roman_pantheon,7,6,6,8,1000,70,80,400,,,,,prominent,religious_party,office_pontifex,,,
EGY,18,Berenike,Magid,F,macedonian,roman_pantheon,2,5,6,3,2000,50,60,414,,,,,lustful|crafty,,,,,
SYR,19,Agathokles,Agathoklid,M,syracusan,roman_pantheon,10,6,6,7,2000,60,40,392,,,,yes,cruel|prominent|shrewd,,,ruler,pfil+JNpk2nk6eTpApACkAKMAowCbwJvAnICcgKEAoQCdQJ1Ao0CjQJ+An4BVgFWAnwCfABJAEkChgKGAoQChAJzAnMAJAAkAnECcQJvAm8ClgKWAoUChQJwAnACdQJ1AnwCfAJpAmkCdAJ0A60DrQKAAoAClAKUApUClQKUApQBVwFXAn4CfgKZApkClAKUAV4BXgFRAVEBUgFSApcClwJzAnMDrQOtAoECgQJrAmsChAKEApICkgKIAogCewJ7AoMCgwJnAmcCcwJzAo0CjQKZApkCjQKNAWMBYwOyA7ICcwJzAooCigJMAkwABwAHAIgAiAFnAWcAQgBCAOIA4gFhAWEAIQAhADcANwB9AH0BfQF9AKgAqAB/AH8C6ALoATcBNwAXABcAlQCVACIAIgF5AXkCAwIDAMYAxgB/AH8CrwKvAMYAxgFwAXAArgCuAQYBBgBsAGwA0gDSAwcDBwL/Av8APQA9ApYClgMQAxAB1gHWAH8AfwRnBGcFawDfALoAugWxAJce/R79AH8AfwAAAAAAAAAAAAAAAA==,
MAS,20,Pytheas,Pytheid,M,massalian,roman_pantheon,2,7,10,5,100,70,20,401,,,,,scholar,civic_party,,,,
ATH,21,Timaios,Tauromeneid,M,athenian,roman_pantheon,1,6,6,7,200,30,60,396,,,,,scholar|prominent,civic_party,,,,
MRY,22,Chandragupta,Maurya,M,magadhi,hindu,7,9,8,7,10000,90,100,412,,,,yes,scholar|wise|victorious,,,ruler,,
SAM,23,Gaius NICKNAME_PONTIUS,Varriani,M,samnite,roman_pantheon,8,3,6,4,400,60,80,411,,,,,original_thinker|shrewd,military_party,,ruler,,
SEL,24,Seleukos NICKNAME_NICATOR,Seleukid,M,macedonian,roman_pantheon,11,7,11,5,4000,90,60,397,,,,yes,seleucids|deceitful|ambitious|steadfast,,,ruler,Puo+6o5mjmby/PL8A6YDpgFeAV4CewJ7ApgCmAKWApYCgAKAAWMBYwTjBOMCbgJuAoQChAKOAo4CiwKLAoUChQTfBN8CgQKBAm0CbQKGAoYCbgJuApECkQKEAoQDrQOtAowCjAJuAm4CkQKRAmYCZgTIBMgClQKVAnMCcwJ0AnQChAKEAnsCewKJAokDoQOhAnACcAJyAnIChwKHBMUExQJtAm0CkgKSApUClQKBAoECcQJxApECkQJ+An4CewJ7AnQCdAKFAoUCbAJsAV4BXgKKAooCaQJpApgCmAKDAoMCcQJxApQClAK9Ar0AcwBzAoECgQEJAQkClAKUAD4APgKbApsAdwB3Ap8CnwDbANsDXwNfAVgBWAB/AH8AagBqAT4BPgKWApYA8ADwAMEAwQAuAC4BMgEyAR0BHQB/AH8AEwATAOUA5QDoAOgACwALABUAFQBPAE8AYABgAqwCrAAWABYAEQARAVgBWAKgAqABswGzAH8AfwPPA88AhgCGAMUAxQUAAJcCLwCZAUwAWwAAAAAAAAAAAAAAAA==,
SEL,25,Apama,Sogdianid,F,sogdian,zoroaster,6,7,5,6,200,100,60,412,,,24,,cruel|prominent|shrewd,,,,,
SEL,26,Antiochos,Seleukid,M,macedonian,roman_pantheon,9,8,10,7,2000,60,50,430,24,25,,yes,seleucids|loving|guileless,,office_steward,,,
THE,27,Demetrios,Phalerid,M,athenian,roman_pantheon,6,6,9,6,100,50,50,404,,,,yes,gluttonous|founder|just|orator,,,,,
MAP,28,Atropates,Atropatid,M,median,zoroaster,6,7,7,6,500,80,70,386,,,,,cautious|founder,,,ruler,FO4U7syazJqxubG5AmoCagJuAm4ClgKWAoACgAFjAWME4wTjAm4CbgKEAoQCfgJ+AosCiwKFAoUCsQKxAoECgQFOAU4CkQKRAm4CbgKLAosChAKEA60DrQFQAVACfQJ9AnYCdgJmAmYEyATIAVEBUQJzAnMCdAJ0AoQChAJ7AnsCiQKJA6EDoQOYA5gCcgJyAmYCZgTFBMUCbQJtApICkgKVApUCgQKBAnECcQKVApUCfgJ+AnsCewTHBMcDqAOoAmwCbAFgAWACigKKAmkCaQKmAqYCgwKDADkAOQKUApQCfwJ/AWQBZAOBA4EAiQCJAo4CjgA+AD4CmwKbAHcAdwKfAp8A2wDbAF8AXwFYAVgDagNqATQBNAB/AH8APgA+APAA8ADBAMEALgAuADIAMgEdAR0CEwITAOUA5QB/AH8A6ADoAAsACwAVABUC+AL4AGAAYAAsACwAFgAWAywDLACeAJ4DRwNHAvgC+AKsAqwGgQaBAH8AfwVtBW0F/QX9AWwBbAPQA9AE3gTeAUgBSAAAAAAAAAAA,
IBR,29,Pharnavaz,Pharnavazid,M,ibero,caucasian_religion,7,4,6,5,200,10,90,430,,,,,victorious|founder,,,,,
IBR,30,Azo,Azonid,M,ibero,caucasian_religion,8,5,4,5,400,80,80,401,,,,,reckless|uncaring|harsh,,,ruler,,
COL,31,Kuji,Kujid,M,colchian,caucasian_religion,6,6,5,3,400,70,70,425,,,,,submissive,,,ruler,,
MAC,32,Kassandros,Antipatrid,M,macedonian,roman_pantheon,9,4,6,5,1000,70,50,403,,,,yes,antipatrid|ambitious,,,ruler,P/Y/9ntze3MmbyZvApYClgKAAoABYwFjBOME4wJuAm4ChAKEAo4CjgKLAosChQKFBN8E3wKBAoECbQJtAoYChgJuAm4CkQKRAoQChAJ6AnoCjAKMAm4CbgKRApECZgJmBKIEogKVApUCcwJzAnQCdAKEAoQCewJ7AokCiQOhA6ECcAJwAnICcgKHAocExQTFAm0CbQKSApIClQKVAoECgQJxAnECkQKRAn4CfgJ7AnsCdAJ0AoUChQJsAmwBXgFeAooCigJpAmkCmAKYAoMCgwJxAnEClAKUAn8CfwFkAWQCkwKTAosCiwKgAqABPgE+AVwBXAB3AHcCnwKfANsA2wBfAF8BWAFYAGoAagE0ATQAPgA+ApYClgB/AH8BcAFwAC4ALgAyADIBHQEdABMAEwDlAOUC6ALoAAsACwB/AH8AFQAVAvgC+ABgAGAAtgC2ABYAFgKhAqEBWAFYBKAEoACGAIYBRQFFAJcAlwKKAooE0wTTAH8AfwDCAMIAWwBbALsAuwXAAM8CAADtAgAALgAAAAAAAAAAAAAAAA==,
MAC,33,Thessalonike,Argead,F,macedonian,roman_pantheon,6,6,7,6,100,40,80,405,,,32,yes,argeads|victorious,,,,,
MAC,34,Philippos,Antipatrid,M,macedonian,roman_pantheon,3,5,2,3,200,60,60,439,32,33,,yes,antipatrid|argeads|lustful|wise,,,,,
MAC,35,Antipatros,Antipatrid,M,macedonian,roman_pantheon,4,4,4,2,200,60,70,440,32,33,,yes,antipatrid|argeads|cautious|cruel,,,,,
PRY,36,Stratonike,Korrhaid,F,macedonian,roman_pantheon,2,9,7,2,200,80,30,390,,,,yes,lustful|intelligent,,,,,
PRY,37,Antigonos NICKNAME_MONOPHTHALMUS,Antigonid,M,macedonian,roman_pantheon,13,8,8,8,1000,80,80,372,,,36,yes,antigonids|just|disciplined|one_eyed,,,ruler,1aHVoZl8mXzO7M7sAm4CbgKEAoQCjgKOAosCiwKFAoUE3wTfAoECgQJtAm0ChgKGAm4CbgKRApEChAKEA60DrQKMAowCbgJuApECkQJmAmYEyATIApUClQJzAnMCdAJ0AncCdwJ7AnsCiQKJA6EDoQJwAnACcgJyAocChwTFBMUCbQJtApICkgKVApUCgQKBAnECcQKRApECfgJ+AnsCewJ0AnQChQKFAmwCbAFeAV4CigKKAmkCaQKYApgCgwKDAnECcQKUApQCfwJ/AWQBZAKTApMCiwKLAoYChgJoAmgClgKWAnkCeQFuAW4A2wDbAF8AXwFYAVgAagBqATQBNAE+AT4ClgKWAPAA8ADBAMECLgIuADIAMgB/AH8AnQCdAOUA5QDoAOgACwALABUAFQL4AvgAYABgALYAtgB/AH8AFgAWAREBEQFYAVgACgAKAIYAhgDFAMUAlwCXAJkAmQBbAFsEngSeA08DTwDtAO0DfQN9AH8AfwFqAWoALgAuAJsAmwWDAMICUAA0Ai8AjQAAAAAAAAAAAAAAAA==,
PRY,38,Demetrios NICKNAME_POLIORCETES,Antigonid,M,macedonian,roman_pantheon,11,5,7,3,800,70,50,417,37,36,,yes,antigonids|lustful|confident,,office_marshal,,rDusO4F+gX702vTaBOME4wJuAm4ChAKEAo4CjgKLAosChQKFBN8E3wKBAoEBZAFkAoYChgJuAm4CkQKRAoQChAOtA60CjAKMAm4CbgFZAVkCZgJmBMgEyAKVApUCcwJzAoECgQKEAoQCewJ7AokCiQOhA6ECcAJwAnICcgKHAocExQTFAm0CbQKSApIClQKVAoECgQJxAnECkQKRAn4CfgJ7AnsCdAJ0AoUChQJsAmwBXgFeAooCigJpAmkCmAKYAoMCgwJxAnEClAKUAn8CfwFkAWQCkwKTAosCiwKGAoYCaAJoApYClgJ3AncAbgBuAVsBWwBfAF8BWAFYAGoAagE0ATQBPgE+ApYClgDwAPABQQFBAC4ALgB/AH8AMgAyABMAEwDlAOUA6ADoAAsACwAVABUDTwNPAGAAYAB/AH8AtgC2ABYAFgERAREBWAFYAAoACgCGAIYCmgKaAJcAlwCZAJkBWwFbBJ4EngNPA08LoQuhAH8AfwJVAlUA7QDtAC4ALgWoAJsNQwDCAnAANAAAAAAAAAAAAAAAAA==,
MAC,39,Alexandros,Antipatrid,M,macedonian,roman_pantheon,4,2,3,3,200,70,70,442,32,33,,yes,antipatrid|argeads|guileless|arrogant,,,,,
PRY,40,Eurydike,Miltiadid,F,athenian,roman_pantheon,4,4,5,4,200,80,50,404,,,,yes,brave|prominent,,,,,
TRE,41,Lysimachos,Alkimachid,M,thessalian,roman_pantheon,11,8,9,5,200,60,50,393,,,11,yes,alcimachid|crafty|brave,,,ruler,qDyoPKJ+on7BpcGlAoYChgKEAoQCcwJzACQAJAJxAnECbwJvApYClgKFAoUCcAJwAnUCdQKJAokCaQJpAnQCdAOtA60CgAKAApQClAKVApUClAKUAVcBVwJ+An4CmQKZAnoCegKHAocBUQFRAVIBUgKXApcCcwJzA60DrQKBAoECawJrAoQChAKSApICiAKIA64DrgKDAoMCZwJnAnMCcwKNAo0CmQKZAo0CjQFjAWMDsgOyAnMCcwKKAooDqQOpApECkQJ6AnoCbQJtAnQCdAKIAogCjwKPApcClwJtAm0CfwJ/AocChwKoAqgC6ALoAqkCqQE3ATcAFwAXAJUAlQAiACIBeQF5AAMAAwDGAMYAKQApAMYAxgB/AH8A8ADwAQYBBgBsAGwA0gDSAAcABwFWAVYAPQA9ApYClgB/AH8AEAAQAN8A3wKLAosAlwCXAX0BfQN/A38BIgEiAGcAZwCnAKcDMQMxAPcA9wB7AHsGywbLAH8AfwE5ATkAYgBiALAAsAWgAKAADgAOAj4APgAAAAAAAAAAAAAAAA==,
EGY,42,Ptolemaios NICKNAME_SOTER,Lagid,M,macedonian,roman_pantheon,12,6,6,7,10000,70,80,387,,,18,yes,lagids|cautious,,,ruler,Pps8+4x9jH1ZhVmFAoQChAJzAnMAJAAkAnECcQJvAm8ClgKWAoUChQJwAnACdQJ1AokCiQJpAmkCdAJ0A60DrQKAAoAClAKUApUClQKUApQBVwFXAn4CfgKZApkClAKUAocChwFRAVEBUgFSApcClwJzAnMDrQOtAoECgQJrAmsChAKEApICkgKIAogCewJ7AoMCgwJnAmcCcwJzAo0CjQKZApkCjQKNAWMBYwOyA7ICcwJzAooCigOpA6kCkQKRAnoCegJtAm0CdAJ0AogCiAKPAo8ClwKXAm0CbQJ/An8ChwKHAnoCegRCBEIAegB6ALcAtwAXABcAlQCVACIAIgF5AXkAAwADAMYAxgKvAq8CxgLGAXABcAB/AH8ArgCuAGwAbADSANIABwAHAVYBVgE9AT0AggCCABAAEAB/AH8A3wDfAosCiwCXAJcBfQF9AH8AfwEiASICxwLHBMkEyQCxALEA9wD3AHsAewFiAWIGuQa5AH8AfwRxBHEFsACwAJEAoAAOAA4CZwA+Av8AkwAAAAAAAAAAAAAAAA==,
EGY,43,Ptolemaios NICKNAME_KERAUNOS,Lagid,M,macedonian,roman_pantheon,5,3,8,6,500,20,60,431,42,,,yes,lagids|jealous|ambitious,,,,,
EGY,44,Eukleides,Alexandrid,M,macedonian,roman_pantheon,4,5,13,3,200,90,30,402,,,,,scholar|wise,,,,,
EGY,45,Ptolemaios NICKNAME_PHILADELPHUS,Lagid,M,macedonian,roman_pantheon,6,5,5,6,500,50,50,446,42,18,,yes,lagids|unnoticeable,,,,,
EGY,46,Magas,Magid,M,macedonian,roman_pantheon,7,5,6,9,300,40,80,431,,18,,,ambitious|devout,,,,,
EGY,47,Menelaos,Lagid,M,macedonian,roman_pantheon,3,5,6,7,400,70,40,427,,,,yes,lagids|zealous|devout,,,,,
EGY,48,Arsinoe,Lagid,F,macedonian,roman_pantheon,7,4,5,7,100,80,80,438,42,18,,yes,lagids|devout|lustful,,,,,
ARM,49,Orontes,Orontid,M,armenian,zoroaster,6,8,5,8,500,70,80,419,,,,,unnoticeable,,,ruler,IvUi9ZyfnJ/UpNSkAmgCaAKIAogClgKWAoUChQJwAnACdQJ1AokCiQJpAmkClwKXA60DrQKAAoACrwKvApUClQAvAC8CbgJuAn4CfgKRApEClAKUAocChwJxAnECjgKOAoYChgJzAnMDrQOtACMAIwJrAmsChAKEApICkgKIAogCewJ7AoMCgwJpAmkCcwJzAnQCdAKZApkCjQKNAWMBYwOyA7ICcwJzAooCigKGAoYCkQKRAnoCegF0AXQBdwF3AogCiAOjA6MClwKXAm0CbQKFAoUChwKHAEgASAKUApQEzATMAoUChQIXAhcCtgK2AHIAcgF5AXkAAwADAMYAxgKvAq8AxgDGAXABcACuAK4ABgAGAGwAbAB/AH8A0gDSAAcABwFWAVYBPQE9ApYClgAQABAA3wDfAosCiwB/AH8AlwCXAX0BfQB/AH8BIgEiAscCxwCtAK0AsQCxBPIE8gCTAJMCigKKBMcExwMGAwYLVgtWAH8AfwVDBUMGngaeAb4BvgNBA0EEngSeAdgB2AAAAAAAAAAAAAAAAA==,
ARM,50,Ariarathes,Ariarathid,M,cappadocian,zoroaster,5,6,4,5,200,80,80,423,,,,,vengeful,,,,,
CAP,51,Amyntas,Amyntid,M,macedonian,roman_pantheon,7,6,4,6,300,40,30,409,,,,,uncaring|ugly,,,ruler,,
KIO,52,Mithridates,Mithridatid,M,median,zoroaster,3,4,6,4,400,70,70,366,,,,yes,submissive|cautious,,,ruler,,
KOS,53,Berossus,mar Warad-Marduk,M,babylonian,mesopotamian_religion,1,5,11,8,400,70,70,424,,,,,wise|scholar|pious,,,,,
KOS,54,Philetas,Telephosid,M,aegean,roman_pantheon,0,3,8,8,400,70,70,424,,,,,poet|scholar|frail,,,,,
KOS,55,Herodas,Horodasid,M,aegean,roman_pantheon,0,2,7,8,400,70,70,424,,,,,poet|scholar,,,,,
SYR,56,Lanassa,Agathoklid,F,syracusan,roman_pantheon,2,3,4,6,10,70,40,425,19,,,yes,,,,,,
EGY,57,Theoxene,Magid,F,macedonian,roman_pantheon,2,3,4,6,500,70,50,437,,18,,,,,,,,
SYR,58,Archagathos,Agathoklid,M,syracusan,roman_pantheon,2,5,4,6,10,50,40,415,19,,,yes,crafty|cruel|harsh,,,,,
CHL,59,Kochaet NICKNAME_CENNI,Chola,M,tamil,hindu,4,8,4,6,8,80,100,415,,,,,devout|cruel|ambitious,,,ruler,,
PND,60,Koon,Pandya,M,tamil,hindu,8,5,6,6,5,80,100,415,,,,,vengeful|ambitious,,,ruler,,
ANU,61,Mutasiva,Vijaya,M,tamil,hindu,9,8,8,6,5,80,100,415,,,,,devout|just,,,ruler,,
ALU,62,Nannan,Mushika,M,kannadan,hindu,4,3,2,1,2,80,100,415,,,,,just,,,ruler,,
KAL,63,Anantha NICKNAME_PADMANABHAN,Kalinga,M,kalingan,buddhism,7,5,4,2,3,80,100,415,,,,,devout,,,ruler,,
SEL,64,Laodike,Seleukid,F,macedonian,roman_pantheon,3,2,6,7,300,60,50,435,24,25,,yes,seleucids|loving|just,,,,,
MRY,65,Bindusara,Maurya,M,magadhi,hindu,4,3,5,4,50,90,100,434,22,,,yes,zealous|ambitious,,,,,
MRY,66,Ashoka,Maurya,M,magadhi,hindu,2,2,2,3,50,90,100,450,65,,,yes,,,,,,
PRY,67,Eumenes,Attalid,M,greco_pontic,roman_pantheon,8,7,6,6,200,60,70,434,,,,yes,ambitious|victorious,,,,,
PRY,68,Philetairos,Attalid,M,greco_pontic,roman_pantheon,7,10,7,6,400,50,60,424,,,,yes,ambitious|victorious|castrated,,office_master_of_the_guard,,,
BYZ,69,Ioannes NICKNAME_CAESAR,Ioannid,M,roman,roman_pantheon,5,5,5,5,150,90,30,421,,,,yes,conqueror|victorious|brave|reckless|energetic,military_party,,,ZmxmbK59rn3P3s/eAoACgAKTApQClQKVApQClAFXAVcCfgJ+ApkCmQKUApQChwKHAVEBUQFSAVIClwKXAnMCcwGgA60CgQKBAqQCawKbAoQCkgKSAogCiAJ7AnsCgwKDAoECgQJzAnMCjQKNApkCmQLlAo0BYwFjA00DsgJzAnMCigKKA6kDqQKRApECegJ6Am0CbQJ0AnQCiAKIAo8CjwKXApcCbQJtAn8CfwKHAocCegJ6ApQClATMBMwChQKFApUClQJnAmcCbAJsAosCiwJ9An0ClAKUAm8CbwJ8AnwDmwObAoQChAEAAgYAbABsANIA0gAHAAcBVgFWAT0BPQKWApYAEAAQAN8A3wKLAosDFwMXAX0BfQB/AH8AfwB/ASIBIgLHAscApwCnALEAsQD3APcDewN7ApECkQB/AH8AsACwAu8C7wEOAQ4APgA+AtoC2gA5ADkAcQBxAxsDGwC8ALwAogCiBJEEkQFUAVQA1wnXAG4AfwMdAx0BAAWrANMA0wIABQoLzwK0AH8CdgAAAAAAAAAAAAAAAA==,
EPI,70,Pyrrhos,Aiakidai,M,epirote,roman_pantheon,11,8,7,5,800,80,90,436,,,,yes,ambitious|shrewd,,,ruler,/zZrULOHs4fe2d7ZAo8CjwJ0AnQCfgJ+AnICcgKNAo0CgQKBAo4CjgKVApUCewJ7ApQClAFXAVcCiwKLAogCiAKVApUCdwJ3A58DnwFiAWICbgJuApYClgKGAoYCggKCAmsCawJ5AnkCkAKQAoECgQKJAokCZgJmAmwCbABHAEcCiQKJAooCigJsAmwCfgJ+AmwCbAJqAmoCbQJtAoECgQKTApMCOgJ2AnwCfAKYApgCagJqAnECcQKQApACgAKAAmgCaAJ3AncCiQKJAmcCZwJ+An4CbQJtApECkQJ8AnwCbAJsApACkAL1AvUAGwAbAUwBTAChAKEA5gDmAPgA+ACtAK0ASwBLAJoAmgECAQIExgTGAIUAhQB/AH8A2gDaACsAKwBUAFQBWgFaAMgAyAEZARkAfQB9AWcBZwB/AH8BNAE0Ap4CngE9AT0BegF6AXcBdwEAAQwAXgBeBFAE9gEAANkAgACAAXgBeAM2AzYIuAi4AH8AfwGiAaIF6QUoAMkAyQUgBSACpQLIAmoCagAAAAAAAAAAAAAAAA==,
PRY,71,Nearchos,Andotomid,M,macedonian,roman_pantheon,8,5,8,6,50,100,70,394,,,,,tactician|victorious|scholar,,,,,
MAC,72,Prepelaos,Prepelaid,M,macedonian,roman_pantheon,10,5,5,5,70,90,70,426,,,,,tactician|victorious|scholar,,,,,#Governor of Corinth and later General in charge of invasion of Ionia
SEL,73,Wahbarz,Frataraka,M,pasargadi,zoroaster,6,8,8,7,700,80,70,420,,,,,tactician|zealous,,,,,#Governor of Persis
EGY,74,Manetho,Manethonid,M,egyptian,egyptian_pantheon,4,8,3,12,400,90,90,400,,,,,scholar|zealous|poet,,office_high_priest_monarchy,,dvF28YKOgo7w1/DXBMgEyAKVApUCcwJzAnQCdAKEAoQALgAuAokCiQOhA6ECcAJwAnICcgKHAocExQTFAm0CbQPGA8YClQKVAoECgQJxAnECRAJEArECsQJ7AnsDpwOnAoUChQPSA9IBXgFeAooCigJpAmkCmAKYAmkCaQJxAnEClAKUAn8CfwKXApcCkwKTAosCiwKGAoYCaAJoA78DvwJ5AnkCgAKAAokCiQKJAokCbgJuApACkAK5ArkCwgLCAngCeAKOAo4CfwJ/AnACcAKNAo0CawJrAVMBUwTXBNcCZgJmAn0CfQPkA+QBTwFPAWABYAC2ALYAFgAWAREBEQFYAVgACgAKAIYAhgKaApoClwKXARkBGQB/AH8AWwBbAM8AzwDtAO0ALgAuAJsAmwDCAMICNAI0AI0AjQB/AH8BVQFVAqkCqQFeAV4A7wDvAIIAggBeAF4ACQAJAyQDJADuAO4BbAFsAVsBWwCLAIsAzADMAH8AfwB/AH8CFAIUAcQBxAZuAKsA0wDTAAoACgAAAAAAAAAA,
ATH,75,Krates,Askondid,M,athenian,roman_pantheon,2,5,8,3,0,90,90,390,,,,,orator|just,,,,,
ATH,76,Hipparchia,Maroneid,F,thracian,roman_pantheon,2,5,8,3,0,90,90,420,,,,,ambitious|uncaring,,,,,
ROM,77,Lucius Volumnius NICKNAME_VIOLENS,Volumnii,M,roman,roman_pantheon,9,10,7,8,800,60,40,414,,,,,founder,populist_party,,,,
PRY,78,Antigonos NICKNAME_DOKIMOS,Dokimid,M,macedonian,roman_pantheon,7,5,6,4,250,60,50,390,,,,,,,,,,
EGY,79,Meleagros,Lagid,M,macedonian,roman_pantheon,4,4,3,5,300,70,60,433,42,,,yes,lagids|jealous,,,,b9pv2rh7uHtMkEyQAn4CfgKZApkClAKUAocChwFRAVEBUgFSApcClwJzAnMClAKUAoECgQJrAmsChAKEApICkgKIAogCewJ7AoMCgwJnAmcCcwJzAo0CjQKZApkCjQKNAWMBYwOyA7ICcwJzAooCigOpA6kCkQKRAnoCegJtAm0CdAJ0AogCiAKPAo8ClwKXAm0CbQJ/An8ChwKHAnoCegKUApQEzATMAoUChQKVApUCZwJnAmwCbAKLAosCfQJ9ApQClAJvAm8CfAJ8A5sDmwKEAoQDnwOfAm4CbgKMAowCdQJ1AogCiAI9Aj0AggCCAoACgADfAN8CiwKLAJcAlwF9AX0AfwB/ASIBIgLHAscEyQTJALEAsQB/AH8A9wD3AscCxwKRApEAsACwAu8C7wEOAQ4APgA+AtoC2gB/AH8AOQA5AHEAcQLbAtsBPAE8AKIAogMkAyQCigKKAM8AzwC5ALkBMwEzABEAEQErASsGiAaIAH8AfwKtAq0F2wUdAPQA9AWSBZICSwL7AnICcgAAAAAAAAAAAAAAAA==,
EGY,80,Lysandra,Lagid,F,macedonian,roman_pantheon,3,2,3,6,150,70,60,435,42,,,yes,lagids|zealous,,,,,
EGY,81,Philotera,Lagid,F,macedonian,roman_pantheon,0,1,0,0,150,70,60,445,42,18,,yes,lagids,,,,,
HCP,82,Amastris,Achaimenid,F,median,zoroaster,5,7,8,5,500,80,80,411,,,,yes,founder,,,ruler,,
HCP,83,Oxyathres,Achaimenid,M,median,zoroaster,6,4,6,6,400,40,60,429,,82,,yes,jealous|ambitious,,,,,
HCP,84,Klearchos,Achaimenid,M,median,zoroaster,6,4,6,6,400,40,60,431,,82,,yes,jealous|ambitious,,,,,
TRE,85,Hippostratos,Hippodemosid,M,ionian,roman_pantheon,7,5,4,5,600,100,80,420,,,,,ambitious,,,,,
ION,86,Hipparchos,Kyrenid,M,cyrenaican,roman_pantheon,7,4,4,3,500,100,80,423,,,,yes,ambitious,,,ruler,,
MAC,87,Eupolemos,Eupolemosid,M,ionian,roman_pantheon,6,5,3,2,600,100,80,425,,,,,ambitious,,office_master_of_the_guard,,,
BIT,88,Zipoetes,Zipoeteid,M,bithynian,roman_pantheon,7,7,5,2,400,100,80,400,,,,yes,ambitious|founder,,,ruler,,
BIT,89,Nikomedes,Zipoeteid,M,bithynian,roman_pantheon,6,6,3,3,400,100,80,420,88,,,yes,zealous,,,,,
BIT,90,Zipoetes,Zipoeteid,M,bithynian,roman_pantheon,7,8,5,8,400,100,80,422,88,,,yes,cautious,,,,,
BIT,91,Etazeta,Etazetid,F,bithynian,roman_pantheon,3,2,9,4,400,100,80,433,,,,,uncaring,,,,,
ARA,92,Gerasthart,Gerasthartid,M,phoenician,carthaginian_pantheon,4,5,5,7,400,100,80,385,,,,,devout,,,ruler,,
ARA,93,Abd-'Ashtart,Garashtratid,M,phoenician,carthaginian_pantheon,5,5,6,4,400,100,80,400,92,,,,ambitious,,,,,
BYB,94,Aynel,Aynelid,M,phoenician,carthaginian_pantheon,6,5,5,4,400,100,80,375,,,,,devout,,,ruler,f+9/74CMgIzk9eT1AnQCdAKGAoYDsgOyAmkCaQKBAoECfgJ+Am8CbwJuAm4ARgBGAosCiwJoAmgDwQPBApUClQKGAoYAHAAcAo0CjQJsAmwClAKUAocChwJ8AnwCkQKRAnACcAKGAoYCeQJ5ABEAEQKSApIChQKFBLsEuwKLAosCiQKJApcClwKDAoMCkAKQAn4CfgFiAWICZwJnAVsBWwJvAm8CaQJpAnACcAJrAmsCcgJyApkCmQKVApUCmAKYAoQChAJ7AnsAMQAxAnECcQKbApsCjAKMAD4APgKNAo0CjQKNAnICcgKhAqEAWwBbAAMAAwC1ALUAkwCTAHgAeAK4ArgAxgDGAO0A7QCvAK8EnQSdABEAEQB/AH8AnQCdAoICggCaAJoABQAFAUQBRAE+AT4BbwFvAPMA8wB/AH8AAQABAA0ADQAHAAcA3ADcAEoASgF4AXgA6gDqBNUE1QDSANIC3ALcBIYEhgB3AHcMZwxnAH8AfwXiBeIDdQN1AY0BjQLVAtUDSANIABcAFwAAAAAAAAAA,
SID,95,Abd-Elonim,Elonimid,M,phoenician,carthaginian_pantheon,4,3,6,6,500,100,80,380,,,,,scholar,,,ruler,,
RHO,96,Demaratos,Demaratid,M,aegean,roman_pantheon,7,4,4,5,300,100,80,420,,,,,victorious,,,ruler,,
KIO,97,Mithridates,Mithridatid,M,median,zoroaster,6,5,5,5,300,70,80,417,52,,,,founder,,,,,
MLO,98,Aristodemos,Aristodemid,M,ionian,roman_pantheon,4,8,8,4,200,70,80,410,,,,,poet,,,ruler,,
PAA,99,Audoleon,Argestaid,M,macedonian,roman_pantheon,5,6,4,4,200,70,80,420,,,,,jealous,,,ruler,,
PAA,100,Ariston,Argestaid,M,macedonian,roman_pantheon,2,2,1,3,200,70,80,440,99,,,,ambitious,,,,,
ODR,101,Seuthes,Odrysid,M,thracian,roman_pantheon,7,5,7,4,200,80,90,430,,,,,victorious,,,ruler,,
DRD,102,Kleitos,Dardanid,M,dardanian,roman_pantheon,7,5,4,4,200,80,90,380,,,,,victorious,,,ruler,,
DRD,103,Bardylis,Dardanid,M,dardanian,roman_pantheon,7,4,6,2,200,80,90,400,102,,,,ambitious,,,,,
PRY,104,Phoinix,Phoinixid,M,troan,roman_pantheon,7,4,4,5,200,80,90,401,,,,,ambitious,,,,,
TLN,105,Glaukias,Taulantid,M,taulantian,roman_pantheon,8,6,4,5,400,70,90,395,,,,,victorious|founder,,,ruler,,
ATH,106,Demochares,Demostenid,M,athenian,roman_pantheon,5,8,8,5,400,70,90,412,,,,,orator,,,,,
ATH,107,Stratokles,Stratoklid,M,athenian,roman_pantheon,3,5,7,8,400,70,90,420,,,,,orator,,,,,
SNP,108,Skydrothemis,Skydrothemid,M,cappadocian,roman_pantheon,6,6,5,3,700,80,90,410,,,,,jealous|cautious,,,ruler,,
MSY,109,Ailymas,Ailymasid,M,massylian,berber_religion,6,7,3,5,300,80,90,400,,,,,ambitious|cautious,,,ruler,,
DOD,110,Sesen,Wakekiye,M,meroitic,egyptian_pantheon,5,7,4,5,300,75,50,380,,,,,ambitious|zealous,,,ruler,,
SMA,111,Daliah,Samarian,M,hebrew,judaism,4,5,6,8,300,75,50,400,,,,,zealous,,,ruler,,
BMB,112,Abd-Hadad,Atargatid,M,aramaic,carthaginian_pantheon,5,6,7,9,300,75,50,380,,,,,zealous,,,ruler,,
ROM,113,Gnaeus,Flavii,M,roman,roman_pantheon,3,5,7,4,50,50,50,403,,,,,scholar,populist_party,office_plebeian_aedile,,,
TLN,114,Beroaia,Otid,F,epirote,roman_pantheon,4,5,4,3,50,50,50,400,,,,,,,,,,
EGY,115,Antigone,Magid,F,macedonian,roman_pantheon,5,6,4,5,50,50,50,436,,18,,,,,,,,
EPI,116,Deidamia,Aiakidai,F,epirote,roman_pantheon,6,5,5,6,50,50,50,433,,,,yes,,,,,I/Mj88OGw4b+hP6EAn8CfwKUApQCgAKAAn4CfgJ/An8ChgKGAmsCawKCAoIClQKVAo4CjgKVApUCaQJpAnwCfAOxA7ECbAJsAmoCagOjA6MCjgKOAoYChgJxAnECbQJtAVIBUgKKAooCcgJyAm8CbwOnA6cChQKFAmsCawTPBM8ChwKHAo8CjwJ9An0CbQJtA6ADoAKSApICcgJyAnoCegKOAo4CfwJ/AmoCagFPAU8CbwJvAoYChgKFAoUCfwJ/AmoCagJmAmYCbQJtAoQChAKJAokCgQKBApUClQKXApcCgAKAAosCiwJhAmEAJwAnAJ4AngANAA0BSwFLASEBIQE7ATsAFwAXAUwBTAC6ALoBVQFVADsAOwB/AH8CpgKmADUANQKvAq8BLwEvApgCmACUAJQCVgJWADsAOwB/AH8CjAKMAGcAZwD/AP8AHQAdAV8BXwN0A3QC/QL9AD4APgKLAosAkQCRAJoAmgFKAUoB6AHoAH8AfwIDAgMFcQVxABcAFwU0BTQCYQJhAvAC8AAAAAAAAAAAAAAAAA==,
EPI,117,Troias,Aiakidai,F,epirote,roman_pantheon,4,5,3,4,50,50,50,439,,,,yes,,,,,,
EPI,118,Neoptolemos,Aiakidai,M,epirote,roman_pantheon,4,5,3,4,400,60,70,422,,,,yes,jealous|crafty,,,,,
TRE,119,Eurydike,Alkimachid,F,thessalian,roman_pantheon,5,6,5,6,50,50,50,441,41,11,,yes,alcimachid,,,,,
TRE,120,Arsinoe,Alkimachid,F,thessalian,roman_pantheon,6,7,6,5,50,50,50,444,41,11,,yes,alcimachid,,,,,
EPI,121,Kadmeia,Aiakidai,F,epirote,roman_pantheon,4,5,6,4,50,50,50,420,,,,yes,guileless,,,,,
TLN,122,Taulas,Taulantid,M,taulantian,roman_pantheon,5,6,3,4,50,50,50,422,105,114,,yes,,,,,,
TLN,123,Pleuratas,Taulantid,M,taulantian,roman_pantheon,6,4,5,5,50,50,50,426,105,114,,yes,,,,,,
TLN,124,Sirras,Taulantid,M,taulantian,roman_pantheon,6,4,5,5,50,50,50,429,105,114,,yes,,,,,,
TLN,125,Gentiana,Taulantid,F,taulantian,roman_pantheon,4,7,3,6,50,50,50,432,105,114,,yes,,,,,,
TLN,126,Teuta,Taulantid,F,taulantian,roman_pantheon,5,6,8,4,50,50,50,435,105,114,,yes,,,,,,
ROM,127,Lucius Cornelius NICKNAME_SCIPIO,Cornelii,M,roman,roman_pantheon,6,4,7,3,250,70,40,416,,,,,proud,civic_party,,,,
ROM,128,Lucius Cornelius NICKNAME_SCIPIO,Cornelii,M,roman,roman_pantheon,2,1,1,0,0,90,0,445,127,,,,,civic_party,,,,
ROM,129,Marcus Valerius NICKNAME_CORVINUS,Valerii,M,roman,roman_pantheon,7,4,5,3,150,60,20,418,10,,,,,military_party,,,,
ROM,130,Marcus Valerius NICKNAME_CORVINUS,Valerii,M,roman,roman_pantheon,1,1,1,1,0,90,0,448,129,,,,,military_party,,,,
ROM,131,Quintus Appuleius NICKNAME_PANSA,Appuleii,M,roman,roman_pantheon,6,4,7,5,150,70,40,408,,,,,,populist_party,,,,
ROM,132,Quintus Marcius NICKNAME_PHILIPPUS,Marcii,M,roman,roman_pantheon,7,7,4,4,100,60,10,433,4,,,,,military_party,,,,
ROM,133,Marcus Fulvius NICKNAME_PAETINUS,Fulvii,M,roman,roman_pantheon,4,3,6,4,75,80,20,413,,,,,,mercantile_party,,,,
ROM,134,Lucius Julius NICKNAME_LIBO,Julii,M,roman,roman_pantheon,4,3,5,2,100,80,15,408,,,,,,civic_party,,,,
ROM,135,Lucius Julius NICKNAME_LIBO,Julii,M,roman,roman_pantheon,3,2,0,1,0,70,0,443,134,,,,,civic_party,,,,
ROM,136,Quintus,Ogulnii,M,roman,roman_pantheon,3,7,6,4,150,65,30,421,,,,,intelligent|blunt,populist_party,,,,
ROM,137,Gnaeus,Ogulnii,M,roman,roman_pantheon,2,5,8,4,150,75,20,423,,,,,sceptical|cautious,populist_party,,,,
ROM,138,Manius Curius NICKNAME_DENTATUS,Curii,M,roman,roman_pantheon,6,5,7,3,25,60,35,425,,,,,assertive|ambitious,populist_party,,,,
NUC,139,Sebastianus Castilianus NICKNAME_CATTUS,Castiliani,M,roman,roman_pantheon,5,5,5,5,150,90,30,421,,,,yes,sceptical|stubborn|secure|just|tolerant,civic_party,,,xKzff5xKe0r9lm+EA6ACmAKsAnQCHAKEAs4CbgLGAnQClQKVAlkCdwLYAmwCaAJoApUClQJ0AnQCdAKXAnQCdAJpAmkDpQOuBBQEvQS8BMwClwKIAaMBZgJ5ApICzwKOA4kChQLUAncCdQKLAlQCewFbAU8CfgJpAo8CjwKBAoECiAKIApECkQJiApACawJrA70DqAHNAU4CTwJ8Aq0CgAN0A7ECSAJqAksCeAJNApYCgAKSAkYCeAJoAmgCdQKRAo4CjgKyAo0DrgOqAssChwKEAocDYAKHAckCcgKCAngCoAJmAmICaQOnAg8AAQBkAFoCiAG2ATECxQKIAHwAiwLmAuYA0gDFAM8A7gF3AHUAWQCcAGAAXQAAAH8AbABsAQAA/AF6ABEAiABFAXQBdAHAAWQDdADMAn4AgAGlAH8AlwDTAM4AzgCyALIBrgEzAB4AEwPGAz0BAwBnA6wAkADaANoBLAEgBP8AZAEvAXkDQQR7AJAAfwEAAaoB6AFHAHQAagBLAAwBZQH+AEQAegAAAAAAAQAAAAAAAA==,
SWE,140,Davidus Horlerix NICKNAME_SANCTUS,Horlerix,M,britannic,druidism,5,5,5,5,150,90,30,424,,,,yes,,,,,w6WGrWlkj2BGZM+IAmsCawJtAm0CkAKQAqgCjgKCAoICbwJvAnECcQKWApYBWwFbAC8CkwKlAncClwKBApQClAKDAoMCkgKDAv8CiAJbAo0CrwJyAtcCdQKDAoMDfAOjAnICcgA9AD0CdwJ3AokCZwJpAmkBowFQAqUChgLtAmsClgJ1AnECcQJ8AnwCaAJoApMCkwJbApQEvwJ5AoUChQKaAn4CYwKDAVoBWgJwAnACcwJzAoQChAKRApECmAKYAnICcgDhADsC6QKUA1kDsgPIAncClwKMAp8ChQL/ApAClgJ9AogCiAETAjYApQCCAY0AWgBdAScCGAL/AJIAkgEAAXEAxwDHAboBfgFgAWABaQFpADgAOAJBAH8AcABwAmMAXgAkACQAQQBBATkBOQBIAEgCZwCpAvkC+QDfAH8AIwAjAEIAQgESARIA9gD2AB0A5AG8ASsC/wFvAocChwDOAM4AjgCOABEAEQA7ADsDbgezACcAfwAAAGwH/QfcAD8AEgS1BAgGtwYYCTQeBAAAAAAAAAAA,
BRI,141,Samus,Millenia,M,britannic,druidism,5,5,5,5,150,90,50,422,,,,yes,merciful|founder|monotonous|tactician,,,,L/+PobNVpVN2iKqmACUAJQKOAo4CbwJvApACkAKWApYBYwFjAnsCewKLAosCfgJ+ApQClAF7AVMCgAJnAoQChAJ4AngCcAJwAnYCjAGRAV8CaAJoAmkCaQKSApICjgKOA5IDkgKSApICdAJ0ArMCfwKOAmgDlwOvAooCewJ9An0CiAKIApACiQJ8Am8AOABFAsgCdgKPAo8CeAJ4AqECagTYAnICWQKMAmoCagJnAmcCdAJ0AnoCfQKuAncChwKHAcgBYQJ6AnoCdwJ3A6QDpAKQApACjwKPApACkAJgAmsCngKKA18DqAFGAoMBAAEIAXwBfQAIAAgCmgCZAPwA/AEAARYBbgDoANIA0gL/APMEAAC1AOMA4wB/AH8A6wDrAgAAnABqAGoB/wCjAW4AYgH/AuEBAACRAU0BTQFZAH8B/wA2AQoBCgF1AXUBAALGAf8AJwA1ADUC/wDWBDQAcgIAAAcAjwCPAwAAVAECAuYC/wH+AAAAfwNDBK4B4ge7AKwAeAEABCsGGAa5HisetQAAAAAAAAAA,
CAR,142,Maharbal,Gerbalid,M,carthaginian,carthaginian_pantheon,7,6,5,8,150,90,50,410,,,,,merciful|sceptical|cautious,,,ruler,IPwg/ISRhJH+1f7VAnQCdAKOAo4CeQJ5ApECkQTDBMMCeAJ4Am8CbwJ1AnUEwgTCAoECgQJ4AngBfQF9ApMCkwJyAnICcQJxBNIE0gBDAEMCaQJpAmkCaQJ/An8ClgKWAmcCZwJsAmwCdQJ1AU0BTQOpA6kCdgJ2AngCeAOiA6IClAKUAngCeAJsAmwCiwKLAmcCZwJ+An4CjQKNBN8E3wKJAokCiQKJApcClwKGAoYCcAJwApECkQOlA6UCiwKLApYClgJuAm4ChwKHACIAIgKyArICZwJnADkAOQTLBMsBWwFbAm4CbgLGAsYBAwEDAMcAxwEDAQMA0QDRAusC6wC7ALsAnACcAooCigA3ADcBEgESAAcABwB/AH8ARQBFAUQBRALAAsAApACkAIMAgwK5ArkA/QD9AU8BTwB/AH8A/AD8As4CzgESARIAtwC3AqwCrACgAKAAtAC0A14DXgDcANwCzQLNAxsDGwDHAMcA2ADYAH8AfwVZBVkEbARsAdcB1wLbAtsDFgMWAxoDGgAAAAAAAAAAAAAAAA==,
ETR,143,Elbio,Vulturreno,M,etruscan,roman_pantheon,8,6,4,9,200,90,50,430,,,,,assertive|ambitious,,,ruler,,
SEL,144,Achaios,Seleukid,M,macedonian,roman_pantheon,5,6,8,7,900,70,50,436,24,25,,yes,seleucids|founder|blunt,,,,,
SEL,145,Seleukos,Seleukid,M,macedonian,roman_pantheon,0,0,0,0,500,70,50,449,26,,,yes,seleucids|cautious|merciful,,,,,
SEL,146,Phila,Seleukid,F,macedonian,roman_pantheon,2,3,3,4,200,80,40,440,24,25,,yes,seleucids|intelligent|blunt,,,,,
TRE,147,Agathokles,Alkimachid,M,thessalian,roman_pantheon,3,5,6,3,200,60,50,439,41,11,,yes,alcimachid,,,,,
PRY,148,Korrabos,Antigonid,M,macedonian,roman_pantheon,0,0,0,0,20,70,20,449,38,40,,yes,antigonids,,,,,
MAC,149,Antipatros NICKNAME_ETESIAS,Antipatrid,M,macedonian,roman_pantheon,6,5,5,4,20,70,20,438,,,,yes,antipatrid,,,,,
JUD,150,Simon,Zadokite ,M,hebrew,judaism,4,7,4,10,400,100,60,410,,,,,zealous|secure|just,,,ruler,,
JUD,151,Eleazar,Zadokite ,M,hebrew,judaism,2,7,6,10,200,100,60,412,,,,,zealous|ambitious|shrewd,,,,,
JUD,152,Mannaseh,Zadokite ,M,hebrew,judaism,4,6,3,10,200,100,60,400,,,,,zealous|intelligent|blunt,,,,,
JUD,153,Onias,Zadokite ,M,hebrew,judaism,4,5,6,10,100,100,60,430,150,,,,zealous|ambitious,,,,,
BAC,154,Sophytes,Sophytid,M,macedonian,roman_pantheon,7,6,7,6,500,100,60,400,,,,,ambitious|uncaring|crafty,,,ruler,EfgR+KB/oH/ykvKSAokCiQJuAm4CkAKQAmYCZgKQApACeAJ4A6cDpwJ/An8CcAJwAnQCdAJrAmsCbQJtBNcE1wJmAmYCfQJ9AnsCewKNAo0CfgJ+AowCjAKEAoQDoAOgAnYCdgKYApgCjAKMAmcCZwKBAoECewJ7ApkCmQKVApUCkQKRAocChwFdAV0BTAFMAoQChAJ+An4CfwJ/ApMCkwJsAmwCbAJsAoUChQS0BLQCiAKIApcClwKWApYBYQFhAm4CbgKRApECcQJxAo4CjgKGAoYCjQKNAmkCaQJ0AnQChgKGAnQCdAIdAh0BdAF0ARIBEgD7APsAcgByAK0ArQDYANgBEwETAooCigBJAEkDZANkAR4BHgB/AH8AvgC+AEEAQQCeAJ4A2ADYAUMBQwBnAGcCywLLASIBIgB/AH8A+wD7AEEAQQBlAGUALgAuATQBNAFTAVMATwBPAG8AbwB6AHoBNAE0AWgBaAMoAygCdAJ0AH8AfwQrBCsFcAVwAPAA8AWPBY8CQwJDAjICMgAAAAAAAAAAAAAAAA==,
CAR,155,Himilco,Barcid,M,carthaginian,carthaginian_pantheon,3,2,4,3,400,100,60,400,,,,,,,,,,
ATH,156,Anaxikrates ,Anaxikratid,M,athenian,roman_pantheon,6,6,6,6,200,100,70,410,,,,,scholar,,,,,
ATH,157,Koroibos,Koreobid,M,athenian,roman_pantheon,5,6,5,5,400,100,70,400,,,,,,,,,,
ATH,158,Euxenippos,Euxenippid,M,athenian,roman_pantheon,4,6,5,6,500,100,70,405,,,,,,,,,,
ATH,159,Pherekles ,Phereklid,M,athenian,roman_pantheon,5,6,4,6,400,100,70,395,,,,,,,,ruler,,
ATH,160,Leostratos,Leostratid,M,athenian,roman_pantheon,5,3,4,5,500,100,70,380,,,,,,,,,,
ATH,161,Nikokles ,Nikoklid,M,athenian,roman_pantheon,4,3,2,5,500,100,70,399,,,,,,,,,,
ATH,162,Kalliarchos ,Kalliarchid,M,athenian,roman_pantheon,5,3,4,4,600,100,70,400,,,,,,,,,,
ATH,163,Hegemachos ,Hegemachid,M,athenian,roman_pantheon,6,2,6,4,300,100,70,420,,,,,,,,,,
ATH,164,Euktemon ,Euktemonid,M,athenian,roman_pantheon,3,4,6,6,400,100,70,430,,,,,,,,,,
ATH,165,Mnesidemos,Mnesidemid,M,athenian,roman_pantheon,6,1,2,6,400,100,70,410,,,,,,,,,,
SEL,166,Deimachos,Deimachid,M,boeotian,roman_pantheon,4,7,5,7,400,100,60,400,,,,,,,,,,
SEL,167,Demodamas,Demodamid,M,carian,roman_pantheon,8,4,7,6,400,100,70,420,,,,,,,,,,
SEL,168,Antiochos NICKNAME_GELOTOPOIOS,Antiochid,M,cypriot,roman_pantheon,9,3,4,4,500,80,60,430,,,,,,,,,,
SEL,169,Molon,Molonid,M,macedonian,roman_pantheon,3,6,3,2,200,60,60,440,,,,,,,,,,
SEL,170,Menippos,Gadarid,M,macedonian,roman_pantheon,0,0,0,0,0,60,0,450,,,,,,,,,,
SEL,171,Eutychides,Sychionid,M,achaean,roman_pantheon,3,8,8,4,200,80,60,420,,,,,poet,,,,,
SEL,172,Patrokles,Patroklid,M,macedonian,roman_pantheon,8,6,8,6,300,80,60,420,,,,,disciplined|scholar,,,,,
RAM,173,Jokim,Carlberki,M,raumarician,germanic_religion,5,5,5,5,150,90,30,421,,,,yes,honest|obsessive|tolerant|weak_willed,,,,,
SPA,174,Phylarchos,Phylarchid,M,peloponnesian,roman_pantheon,6,8,8,6,300,80,80,400,,,,,scholar,,,,,
SPA,175,Areus,Agiad,M,peloponnesian,roman_pantheon,9,6,5,5,400,100,80,430,,,,yes,disciplined,,,ruler,,
SPA,176,Kleonymos,Agiad,M,peloponnesian,roman_pantheon,11,6,5,4,300,20,60,410,,,,yes,arbitrary,,,,,
SPA,177,Akrotatos,Agiad,M,peloponnesian,roman_pantheon,0,0,0,0,0,100,80,449,175,,,yes,,,,,,
DEL,178,Anaximander NICKNAME_CHARTOGRAFOS,Lomandros,M,herulian,roman_pantheon,5,5,5,5,150,90,30,417,,,,yes,scholar|lapsed|benefactor|lustful|prominent,mercantile_party,,,bsMAALc+AACkywAAAn8AfwFVAH8CfwB/A+UAfwObAH8CQQB/An8AfwJQAH8CawB/An8AfwJ/AH8DtwB/Al8AfwJ/AH8CfwB/An8AfwEqAH8CfwB/An8AfwJ/AH8DeQB/AnQAfwJ/AH8CfwB/An8AfwJ/AH8CTQB/BP8AfwJ/AH8CfwB/AmMAfwJeAH8CRgB/AksAfwJ/AH8DxgB/AnoAfwTXAH8DoQB/An8AfwJ/AH8CfwB/AogAfwJDAH8CfwB/An8AfwKYAH8CkwB/A8oAfwOyAH8COwB/AqEAfwJ/AH8CfwB/An8AfwFuAH8AAAB/Av0AfwAAAH8AAAB/AAAAfwABAH8C/wB/AAIAfwAAAH8AAAB/AAAAfwACAH8AAAB/AAAAfwAAAH8AAQB/ArgAfwAAAH8D/wB/AAIAfwF2AH8BWgB/AAAAfwAZAH8AAAB/AAAAfwACAH8AAAB/AAAAfwAAAH8BgwB/ATAAfwAAAH8AwwB/AAAAfweAAH8A5QAAAMMAAAAAAAAGKwAADc4AAAAAAAAAAAAAAAAAAA== ,
CLC,179,Aemilius,Candamius,M,celtician,druidism,5,5,5,5,150,90,30,414,,,,yes,scholar|lapsed|sceptical|founder|cautious,,,,K8kAACI4AADfRwAAA7YAfwJ/AH8DvAB/ASIAfwFeAH8CfwB/An8AfwJJAH8CowB/A80AfwJ/AH8CfwB/An8AfwJ/AH8CaAB/An8AfwAeAH8CPQB/A64AfwFDAH8ClgB/AmIAfwPoAH8CfwB/AvAAfwJ/AH8CfwB/An8AfwJ/AH8CfwB/An8AfwJ/AH8CfwB/An8AfwJ/AH8CfwB/An8AfwJ/AH8CfwB/An8AfwJ/AH8CfwB/AwAAfwJ/AH8CfwB/An8AfwJ/AH8CfwB/An8AfwJ/AH8CXQB/ArwAfwJ/AH8CUAB/AtIAfwIAAH8AAAB/AAAAfwAAAH8AAAB/AAAAfwABAH8C/wB/AAIAfwAAAH8E2AB/AAAAfwACAH8AAAB/AAAAfwAAAH8AAQB/AAEAfwAAAH8AAAB/AAIAfwAAAH8AAAB/AAAAfwAAAH8AAAB/AAAAfwACAH8AAAB/AAAAfwAAAH8AAAB/A4kAfwEGAH8AfwB/AAAAfwB/AH8NvAAAAIcAAABMAAAGXgAACVAAAAAAAAAAAAAAAAAAAA== ,
PAS,180,Arheo NICKNAME_CANTOR,Nicholid,M,belgae,druidism,5,5,5,5,150,90,30,420,,,,yes,arbitrary|lunatic|ambitious|tolerant|orator,,,,bY4AACI4AADfmgAAAn8AfwJ/AH8CfwB/An8AfwKWAH8DgwB/AUkAfwFJAH8CfwB/An8AfwJ/AH8DnwB/An8AfwJ/AH8CfwB/An8AfwKhAH8CfwB/An8AfwJ/AH8CfwB/An8AfwJ/AH8CfwB/An8AfwJ/AH8BPwB/A64AfwOsAH8D0QB/An8AfwKEAH8CZwB/A68AfwJ/AH8CfwB/An8AfwKkAH8BWgB/An8AfwAMAH8CfwB/An8AfwJ/AH8CfwB/ATsAfwJxAH8CYAB/A/8AfwKhAH8CYgB/A9QAfwLBAH8AKgB/An8AfwIAAH8AAAB/AAAAfwAAAH8CAAB/AAAAfwL/AH8CgwB/AAIAfwAAAH8BQQB/AAAAfwACAH8AAAB/AAAAfwAAAH8AAQB/AYIAfwAAAH8AAAB/AAIAfwAAAH8AAAB/AAAAfwGgAH8AAAB/AAAAfwACAH8AAAB/A4wAfwAAAH8AAAB/AAAAfwE4AH8A/wB/AAAAfwB3AH8BQQAAAKoAAAAAAAAGGgAACToAAAAAAAAAAAAAAAAAAA== ,
JUD,181,Joseph NICKNAME_CYNICUS,Cephas,M,hebrew,judaism,5,5,5,5,150,90,30,426,,,,yes,blunt|lapsed|suspicious|tactician|honest,,,,bKVS6/9Xk3/9xavxApIBZACOAWMAWwKEAq0CgQTzAmYCAAJ2Aq4CjAJNAoECdwKBApECkQR+AVsEcgKPBJUCdABgAD8EfwJsAmgCkgRSAoUCXwKZAsMCagHUAWYCkgJ6ApMCiADTA6ICwAKQAWQBVwKIApQCjQKIApMCeAKUApQCkAKQAicCbgKYAoACgwJrAnsCbQKSApICZwJnArMCiwLPAn8CYAJ8AlcCmAJrAmsCVAJ7ApUCewJPApACIQKVAj0CaQKjAoECzwJ4An4CagKOAocCkwKRAskCdAJjAm0C3AKRAlUCjwErASQCAAABAS8A4AD5APgBFABFAQABbQAAAAUAfAB8AkEC3AEAAtYAygDTADYBNgB/AH8BAAAsAVcAWQI4AFECAAENAIgAoABVAGAByQNsAI0ArAFxAH8CeAB4Aq8CrwBMAEwBMgBdAooBQgE7AVYBpQClA60DKgCJAOwBdQLWAacAIQIYAw8DVwN9AHAAfwViBdIRAAS5APgBigK2AgcDowNPAwADVwAAAAAAAAAAAAAAAA==,
AES,182,Hamprecht,Liliezweig,M,irminonic,germanic_religion,5,5,5,5,150,90,30,424,,,,yes,intelligent|sceptical|tolerant|steadfast|obsessive,,,,cVIAACI4AABRXQAAAn8AfwJ/AH8CfwB/An8AfwKWAH8CfwB/An8AfwKCAH8CmAB/An8AfwJ/AH8CuwB/An8AfwJ/AH8CfwB/An8AfwFMAH8BXwB/A5AAfwJ/AH8CfwB/AqgAfwFCAH8CfwB/An8AfwJ/AH8BUQB/BPQAfwO9AH8CfwB/An8AfwKSAH8CfwB/An8AfwJ/AH8CfwB/ApgAfwK7AH8CfwB/An8AfwE1AH8CfwB/An8AfwJ/AH8CfwB/ARMAfwAqAH8C2gB/An8AfwKhAH8CZQB/AsYAfwK4AH8CMAB/ApYAfwFDAH8AAAB/AAAAfwAAAH8AAAB/AAAAfwABAH8BgAB/AAIAfwAAAH8DWgB/AAAAfwACAH8AAAB/AAAAfwAAAH8AAQB/AAEAfwAAAH8AAAB/AAIAfwAAAH8AAAB/AAAAfwJ+AH8AAAB/AAAAfwACAH8AAAB/A1UAfwAAAH8DPQB/AAAAfwFVAH8AfwB/AAAAfwd/AH8MqgAAAK8AAAAAAAAGYwAACf8AAAAAAAAAAAAAAAAAAA== ,
CHS,183,Ioakeim,Hommanid,M,rugian,indo_iranian_religion,5,5,5,5,150,90,30,422,,,,yes,good_natured|tolerant|scholar|vengeful,mercantile_party,,,5ZOsNW5fgVNDe8mqAWsCkgJlAnsCwwJ6An4CjQKXApICRAKLAmcCZwKCAoACbQJzA6kDrwJ3AmgCbAJsAkYCggJ6AokCaAJtAnoClQKpAnACmAKPAmQCcwJWAm8CigKKAnsCewKKAnMCfwJ/AnkCeQKDAoMCdgJ2AnwCfATXBNcEuwS7AnUCmQKhAmwCmwKEA2UDpQKFAmgCjgKFAm4CaQJnAmcCwAJsAqACdAKyAnoCjAKEAm4CbgJnAmcCgAJ+A7IDsgKjAm4CkQKDA3UCcAKYAoACcAJ6AT8BXAKPAo8CwQJ0AoMCgQRlBA8AdADTAVkBEwBrAIUCzQLNATUBIQFaAEkAyQDUAvAC8AK5ArkAQwBDAHYAdgB/AH8AwQDBAJMAkwDRANEA5QDlAXQBdAAAAAAA2ADYAUcBRwB/AH8ACAAIAAYABgEkASQBbQFtAJ0AnQMEAwQAYABgA14DXgCOAI4DYgNiAOcA5wNxA3EIgwOPAI4AfwR6BI0FmwdmAKcAbwQOBPALNAU6BFkNAAABAAAAAQAAAAAAAA== ,
EPI,184,Aimilia,Ioannid,F,epirote,roman_pantheon,5,5,5,5,150,90,30,421,,,,yes,selfish|sarcastic|proud,,,,UD4AAKNPAABMSQAAAn8AfwOpAH8CfwB/A9cAfwOvAH8CfwB/An8AfwJ/AH8CfwB/An8AfwJ7AH8CfwB/ADsAfwJ/AH8CtQB/An8AfwS4AH8ChQB/As0AfwJjAH8CmgB/An8AfwPNAH8CxQB/As4AfwJ/AH8CuAB/An8AfwJ/AH8CfwB/An8AfwKhAH8CfwB/ApcAfwJ/AH8CrwB/An8AfwLAAH8C3AB/An8AfwJ/AH8CfwB/An8AfwJ/AH8CfwB/An8AfwJ/AH8CfwB/An8AfwKpAH8CfwB/An8AfwLJAH8CpQB/AksAfwEUAH8AAAB/AoQAfwAAAH8AAAB/AAAAfwABAH8CeQB/AAIAfwAAAH8BTAB/AAAAfwACAH8AAAB/AAAAfwAAAH8AAQB/AAEAfwAAAH8AAAB/AAIAfwAAAH8AAAB/AAAAfwGxAH8AAAB/AAAAfwACAH8AAAB/AAAAfwAAAH8AAAB/AAAAfwAAAH8ARgB/AAAAfwd/AH8B/QAAAFUAAAAAAAABYwAAANEAAAAAAAAAAAAAAAAAAA== ,
SPA,185,Thoukydides,Priapid,M,peloponnesian,roman_pantheon,5,5,5,5,150,90,30,406,,,,yes,energetic|ambitious|jealous,military_party,,,DicAAMY4AAAmfgAAAgAAfwFEAH8CfwB/A7wAfwJ/AH8CfwB/An8AfwJ/AH8CfwB/An8AfwLEAH8CfwB/AYkAfwFWAH8DpAB/An8AfwJ3AH8BOQB/A8gAfwKeAH8CeQB/AmQAfwTzAH8CfwB/An8AfwImAH8CWwB/An8AfwObAH8CfwB/An8AfwJ/AH8CfwB/An8AfwJ/AH8CiAB/An8AfwL0AH8CfwB/ADYAfwT/AH8E3AB/Al0AfwJJAH8CfgB/Av8AfwJ/AH8CwQB/An8AfwJ/AH8CfwB/ArEAfwJ/AH8CfwB/AkcAfwHTAH8AAAB/ArsAfwAAAH8AAAB/AAAAfwABAH8CZwB/AAIAfwL/AH8AAAB/AAAAfwACAH8AAAB/AAAAfwAAAH8AAQB/AAEAfwEaAH8DwAB/AAIAfwAAAH8BZQB/Av8AfwAAAH8AAAB/AAAAfwACAH8AAAB/AAAAfwAAAH8DxQB/AAAAfwAAAH8AfwB/AAAAfwN/AH8ASAAAAFEAAABRAAACqQAAAHYAAAAAAAAAAAAAAAAAAA== ,
HRE,186,Fricus,Leio,M,herulian,germanic_religion,5,5,5,5,150,90,30,407,,,,yes,suspicious|selfish|kindly|brave,,,,JM0AACJiAAAA3QAAAjEAfwI2AH8CfwB/An8AfwKSAH8CnwB/AGMAfwJGAH8BPgB/An8AfwJfAH8CfwB/An8AfwJZAH8CfwB/An8AfwJ3AH8CfwB/An8AfwJ0AH8CeQB/AnwAfwJ/AH8CfwB/An8AfwJ/AH8BOAB/An8AfwJ/AH8CigB/AlAAfwJ/AH8CLQB/AqEAfwJ/AH8E3QB/AFsAfwLTAH8DyAB/An8AfwFIAH8CfwB/An8AfwAmAH8CUgB/An8AfwJ/AH8CqQB/An8AfwKeAH8CfwB/An8AfwJ/AH8C7wB/AlsAfwIAAH8AAAB/AZoAfwAAAH8AAAB/AAAAfwABAH8AAQB/AAIAfwL/AH8BawB/AAAAfwACAH8AAAB/AQAAfwAAAH8AAQB/AAEAfwAAAH8AAAB/AAIAfwAAAH8AAAB/AAAAfwAAAH8AAAB/AAAAfwLzAH8AAAB/AAAAfwGCAH8ArQB/ARYAfwA+AH8D3AB/AAAAfwRVAH8HLAAAAKUAAAA0AAAFxAAADf8AAAAAAAAAAAAAAAAAAA== ,
RAM,187,Axinder,Oltner,M,suiones,germanic_religion,5,5,5,5,150,90,30,421,,,,yes,gluttonous|good_natured|honest|loving,,,,fEJfdItai1owfAtiAv8CgQKDAnECiQKJAv8CigLOAo0CgQKBAs4CkAJyAoQDmwObAnACcAJsAmwCeAJ4AncCdwFjAWMCjgKOAnUCdQJrAmsCXwKBAVIBUwKSApICcAJwAnoCegAlACUCawJrApUClQJmAmYCkwKTApICkgKLAosCbwJvAo0CjQFfAV8DrQOtAU0BTQAmACYCeAJ4AocCdwJuAm4CdQJ1AV0BXQKRApEClAKUAm0CbQJ4AngCewJ7AEcARwKpAmkCxQKTAzoDnQLEAnoCuAKSAqQCgwR3AmwCygKNAo8CjwKsAqwAUABQALAAsAEXARcAgwDNAJAAzwKWApYCswKzAk8C4QB/AJ4BbAETAbEBYAB/AH8AGwAbAKcAYADcANwAewAwAXEBcQCvAHkBsAGwAKIAogB/AH8AiwCLAUoBSgDvAO8BFAEUAGEAYQA7ADsADAAEAREBDABGAEYAaQBFAIUAhQC9AL0C3QLdAH8AfwBDAEMHzweaAEMAQwQ9BOsF/wVGDf8NCQAAAAAAAAAAAAAAAA== ,
HIS,188,Augustus NICKNAME_VALERIAN,Tollius,M,venetic,roman_pantheon,5,5,5,5,150,90,30,418,,,,yes,disciplined|stubborn|cautious|cold|tactician,,,,NKk71MptyHUBJ/PtAjgCbwGCApYDzgOrApsCfwKjAo8CfwKYAnYCkAKFAo0CiAKZAp8CcQObA6sCsQKXAo0CkgKKAnIBTAFfAmQCegJEAncCkAKZArcCdwK3ApkEYAS0Aj8CZwJnApECgAKCAnsCgwKKAm0CWQJwAnoCcQKoApQBZAFVAl8CdwJ/AnsCfwKHA7wDrQPbA5wCUAJ9AqMCcwKTAocCYAJ1AqQClwGgAWECWwKOAmwClgJ8Ao4CrQKDAo4CkwJuAoICwwKEAoMCgQKxAoICfAKFApECfQLlApkCmAKYAoUChQEIAQgBTwFPAMMAwwLcAtwANAA0AUYBRgFyAXIAGAAYANEA0QEnAScAVABUANYA1gB/AH8BEgESAEsASwArACsClwKXAuIC4gCwALADwwPDAJ0AnQB/AH8CjAKMAU8BTwBAAEACpQBcAHEAcAP/AOwCAALpAQIBBQJVAPUCBgBKA38DIQJJAsYIewfdAAAAfwEAAD0BDwEPAHkApgnPCTUB/QEcAGAAaQAAAAAAAAAAAAAAAA== ,
MSP,189,Petrus,Lunodinus,M,syracusan,roman_pantheon,5,5,5,5,150,90,30,419,,,,yes,scholar|obsessive|conqueror|lustful,religious_party,,,PjIAACI4AAA4UAAAAn8AfwJ/AH8BNAB/AoAAfwJ/AH8CfwB/An8AfwI7AH8CfwB/AlQAfwKvAH8ClQB/An8AfwFWAH8CfwB/An8AfwJnAH8CZwB/A7MAfwE6AH8CmwB/An8AfwFHAH8CfwB/A98AfwKxAH8BOgB/An8AfwJ/AH8CfwB/An8AfwKkAH8CfwB/An8AfwJ/AH8CewB/ApsAfwJ/AH8CfwB/An8AfwJ/AH8CfwB/An8AfwFpAH8CTAB/ARoAfwJ/AH8DpwB/An8AfwJ/AH8CbQB/A6UAfwJ/AH8CTAB/An8AfwIAAH8AAAB/AAAAfwAAAH8CAAB/AAAAfwL/AH8CigB/AAIAfwL/AH8BoAB/AAAAfwACAH8BlwB/AAAAfwAAAH8C/wB/ASgAfwEAAH8D1gB/AAIAfwAAAH8CuAB/Av8AfwFiAH8AAAB/AAAAfwFHAH8AAAB/A2MAfwAAAH8DcgB/AAAAfwFSAH8AAAB/AAAAfwJ/AH8AAAAAAHkAAAAAAAAC0QAAAlkAAAAAAAAAAAAAAAAAAA== ,
PRY,190,Antigonos NICKNAME_GONATAS,Antigonid,M,macedonian,roman_pantheon,9,4,3,5,400,70,50,434,38,,,yes,antigonids|victorious|founder,,,,fv9+/6RzpHPao9qjAEkASQKGAoYChAKEAnMCcwAkACQCcQJxAm8CbwKWApYE0QTRAnACcAJ1AnUCiQKJAmkCaQJ0AnQDrQOtAoACgAKUApQClQKVApQClAFXAVcCfgJ+AnICcgKUApQChwKHAVEBUQFSAVIClwKXAnMCcwOtA60CgQKBAmsCawKEAoQCkgKSAogCiAJ7AnsCgwKDAmcCZwJzAnMCjQKNApkCmQKNAo0BYwFjA7IDsgJzAnMCigKKA6kDqQKRApECegJ6Am0CbQJ0AnQCiAKIAo8CjwKXApcCbQJtAn8CfwJ9An0BKAEoAEIAQgKpAqkBNwE3ABcAFwCVAJUAIgAiAXkBeQADAAMAxgDGAq8CrwB/AH8AxgDGAK4ArgEGAQYAbABsANIA0gAHAAcA1gDWAT0BPQB/AH8ClgKWABAAEADfAN8CiwKLAJcAlwD9AP0AfwB/ACIAIgLHAscBJwEnAzEDMQD3APcM3gzeAH8AfwGTAZMAewB7AGIAYgWwALAAoACgAA4ADgAAAAAAAAAAAAAAAA==,
PRY,191,Stratonike,Antigonid,F,macedonian,roman_pantheon,4,4,4,5,400,70,50,437,38,,,yes,antigonids,,,,,
SEL,192,Megasthenes,Megasthenid,M,lydian,roman_pantheon,1,11,8,7,200,90,20,406,,,,yes,scholar|crafty,,,,,
BPK,193,Spartokos,Spartokid,M,bosporan,roman_pantheon,6,6,8,6,300,100,80,424,,,,,,,,ruler,,
BPK,194,Pairisades,Spartokid,M,bosporan,roman_pantheon,6,7,6,4,400,30,80,430,,,,,,,,,,
SCY,195,Agarus ,Agarid,M,scythian,indo_iranian_religion,4,4,3,5,300,100,60,410,,,,,,,,ruler,,
SCE,196,Aripharnes,Aripharnid,M,siraci,indo_iranian_religion,7,5,6,5,400,100,80,400,,,,,,,,ruler,,
ZGY,197,Jnanasene,Vaisali,M,sindi,indo_iranian_religion,8,6,4,5,200,100,80,414,,,,,,,,ruler,,
EGY,198,Marcus,Grebus,M,roman,roman_pantheon,5,5,5,5,150,90,30,426,,,,yes,humble|cautious|content|monotonous ,,,,W95b3odSj3yjVvjVAoUChQKTApMChgKGApgCmAJ+An4CawJrApcClwJ0AnQCawJrApECkQKDAoMCiAKIAnICcgJ8AnwDsAOwAncCdwJ1AnUCbwJvAEMAQwJrAmsClgKWAnICcgJ/An8CbAJsAoACgAJrAmsCjgKOAnACcAJoAmgChAKEA68DrwJ7AnsCdQJ1An8CfwJ8AnwCdAJ0AogCiAJmAmYCkAKQAnUCdQFXAVcCgQKBAn8CfwJqAmoAHAAcAoACgAJtAm0CjwKPAo4CjgJ0AnQCjQKNApICkgKLAosCaQJpAocChwQGBAYAPQA9ARkBGQDKAMoBDQENACcAJwCfAJ8A2ADYARABEACWAJYAQwBDAHYAdgB/AH8A6ADoAHIAcgLsAuwA3wDfAMIAwgBPAE8BLgEuAQcBBwB/AH8AkgCSAqkCqQE2ATYBSAFIAssCywCqAKoBbgFuAFYAVgLaAtoAtQC1AF8AXwCJAIkDbANeAHwAfwJDAkMF/wXsAM4AzgWHBZsCdAJZABkClwAAAAAAAAAAAAAAAA==,
ABM,199,Rodus,Calidi,M,belgae,druidism,5,5,5,5,150,90,30,427,,,,yes,sarcastic|corrupt|lustful|submissive|intelligent ,,,,/88AAAAAAAC4aAAAAMsAfwEAAH8AAAB/AgAAfwBrAH8AfwB/AV8AfwB/AH8AfwB/ADUAfwBdAH8AbAB/AFcAfwB/AH8AfwB/AAAAfwDwAH8ApwB/AH8AfwB/AH8AfwB/AH8AfwB/AH8AfwB/AFcAfwB/AH8AfwB/AH8AfwCEAH8AfwB/AH8AfwB/AH8AfwB/AGcAfwAAAH8AfwB/ADIAfwCtAH8ABQB/AhwAfwB/AH8AAAB/AAAAfwB/AH8APwB/ARYAfwB/AH8A/wB/AH8AfwB/AH8AYwB/AH8AfwBXAH8AfwB/AH8AfwB/AH8AfwB/AH8AfwB/AH8AfwB/AH8AfwB/AH8AigB/AAIAfwAAAH8AfwB/AH8AfwB/AH8AfwB/AH8AfwB/AH8AfwB/AGsAfwDoAH8AfwB/AH8AfwB/AH8AfwB/AH8AfwB/AH8AfwB/AH8AfwB/AH8AfwB/AH8AfwB/AH8A2AB/AH8AfwB/AH8L/QB/AAAAfwAAAH8BHgAAAKUAAAmuAAAGAQAACf8AAAAAAAAA/wAAAIcAAA==,
HIS,200,Nicolaus,Petrus,M,venetic,roman_pantheon,5,5,5,5,150,90,30,418,,,,yes,stressed|obsessive|crafty|tolerant|poet ,,,,Pj4AACI4AAAyUAAAApYAfwKHAH8CowB/AlkAfwJbAH8CfAB/An8AfwJ/AH8CfwB/An8AfwJ/AH8CYAB/An8AfwJ/AH8CZwB/An8AfwKhAH8CfwB/AukAfwJNAH8CtQB/An8AfwJ/AH8CfwB/An8AfwJ/AH8CcgB/An8AfwJ/AH8CfwB/An8AfwJ/AH8CfwB/Al4AfwJ/AH8CfwB/An8AfwJ/AH8CfwB/An8AfwFGAH8CfwB/An8AfwI5AH8CZwB/An8AfwJ/AH8CfwB/An8AfwKfAH8CZAB/An8AfwJ/AH8CSAB/A6UAfwIAAH8AAAB/AAAAfwAAAH8AAAB/AAAAfwABAH8CjQB/AAIAfwL/AH8AAAB/AAAAfwACAH8AAAB/AAAAfwAAAH8AAQB/AgAAfwIAAH8BiAB/AAIAfwAAAH8AAAB/AAAAfwAAAH8AAAB/AAAAfwACAH8AAAB/AAAAfwAAAH8AAAB/AAAAfwAAAH8JqQB/AAAAfwF/AH8BhAAAAFoAAABJAAAB2gAAAIQAAAAAAAAAAAAAAAAAAA== ,
SNI,201,Nicolaus,Suecia,M,lepontic,druidism,5,5,5,5,150,90,30,421,,,,yes,gluttonous|sarcastic|tactician|tolerant|good_natured ,,,,UlFZRQAafFFCMSWLAnACcAKDAoMBXAFcAVIBUgFTAVMCdQJ1ApgCmAJnAmcDnAOcAoUChQJnAmcCawJrAnUCdQJ3AncDrgOuApkCmQKPAo8CbgJuAn8CfwFNAU0DsQOxAnECcQJ+An4CcgJyAmkCaQJ8AnwBUAFQAnwCfAKJAokCZgJmAn0CfQJ4AngCgAKAA6wDrAJ2AnYCbAJsAncCdwKQApACbAJsAn0CfQJwAnACgAKAAmoCagJzAnMCmQKZAnoCegKOAo4CfQJ9ApcClwJqAmoBTwFPAnkCeQKKAooCcgJyAm4CbgP/APQCAQAvAgABVACFAIUAMQAxAgAAAwICACYBYgFiAEwATAAJAAkBaQFpAEkASQB/AH8AZwBnAWIBYgC/AL8AYABgANYA1gE4ATgA/wD/AA0ADQB/AH8BGQEZASMBIwAZABkCAAFXAAEAcwRgAPoAMgEPBAAAIwD/AOMA/wDyAv8BcgMAAGwH/wyBAAEAfwOLA4sHAAdyANgAYATWBAIFuAW4DWINYgAAAAAAAAAAAAAAAA== ,
CAT,202,Matthus ,Clochasaigh,M,britannic,druidism,5,5,5,5,150,90,30,430,,,,yes,sarcastic|loving|ambitious|shrewd ,,,,/Ez3GvcPilQxTbPRAY0CjQKOAo4CdQJ1AlIBVAKLAosCjQKNAnACcAJ0AnQCjgKOAWEBYQKRApEClAKUAnICcgJ3AncDpAOkApMCkwS1BLUEywTLApYClgJqAmoCdQJ1AmcCZwKTApMClgKWAoECgQJmAmYChAKEAnACcAJoAmgClwKXAoQChAJsAnUCeAJ4A58DnwJ/An8CeAJ4AnICcgJ5AnkCcQJxAoACgAJmAmYCcwJzAnMCcwKHAocCiQKJApECkQKEAoQCmQKZAnYCdgKCAoICgQKBAo4CjgKEAoQCfAJ8AmgCaAKeAoMCHgLAATIBDwFYAVgAhACEAFcAVwEnAScAZwBnANgA2ADhAOEAZQBlAsECwQB/AH8AYABgAIAAgAE7ATsCjQKNAPkA+QAtAC0AowCjAG0AbQB/AH8CngKeAH4AfgK5ArkAMAAwAKEAoQCtAK0C6QLpAOcA5wC3ALcDAQMBAS4BLgNrA2sMgQyBAEkAfwMAAi0InAd6AOIA4gEdBB0GHgYeHpoemgAAAAAAAAAAAAAAAA== ,
VDL,203,Magne,Skjaeran,M,rugian,germanic_religion,5,5,5,5,150,90,30,426,,,,yes,abrasive|obsessive|proud|polymath|reckless,,,,VFkAACJEAABCZAAAAn8AfwJ/AH8AEAB/AV8AfwLBAH8CfwB/A8oAfwJ/AH8CfwB/An8AfwJ/AH8CfwB/ACoAfwKeAH8CbAB/An8AfwFQAH8CYwB/An8AfwIyAH8CfwB/An8AfwJ/AH8CfwB/ArsAfwJ/AH8COwB/An8AfwJSAH8BPQB/AsYAfwOKAH8CfwB/BMAAfwJ/AH8CQgB/An8AfwTuAH8CfwB/An8AfwJ/AH8CfwB/An8AfwIAAH8CAAB/An8AfwIiAH8CfwB/An8AfwOlAH8BbgB/AqQAfwJ/AH8BJwB/An8AfwIAAH8AAAB/AAAAfwAAAH8AAAB/AAAAfwABAH8AAQB/AAIAfwAAAH8DcgB/AAAAfwACAH8AAAB/AuQAfwAAAH8AAQB/AakAfwAAAH8AAAB/AAIAfwAAAH8BegB/AAAAfwFaAH8AAAB/AAAAfwACAH8AAAB/AAAAfwAAAH8AAAB/ATAAfwAAAH8AfwB/AAAAfwB/AH8HvQAAAK0AAAAyAAAFQQAADfwAAAAAAAAAAAAAAAAAAA== ,
AGR,204,Hagriato,Hinkus,M,saxonian,germanic_religion,5,5,5,5,150,90,30,419,,,,yes,gluttonous|trusting|foolish|honest|blunt,,,,,
MRY,205,Chanakya,Kautilya,M,magadhi,hindu,9,9,9,5,150,90,30,410,,,,yes,scholar|crafty,,office_steward,,,
GIT,206,Philipp,Sirc,M,gutones,germanic_religion,5,5,5,5,150,90,30,422,,,,yes,conqueror|disciplined|gluttonous|lustful|prominent ,,,,aeFp4aRfpF+us66zA50DnQKXApcCaAJoApECkQKWApYCggKCAosCiwJ4AngClAKUBMkEyQJxAnECgwKDAmsCawJvAm8BYwFjAnECcQFhAWEClgKWAnoCegJ9An0BbAFsAnsCewJ8AnwCdQJ1AosCiwJsAmwCgAKAAoICggKUApQCZgJmAmkCaQKXApcCjwKPAVMBUwJuAm4CmQKZAV4BXgKOAo4BUgFSAosCiwKUApQCkQKRAoYChgKAAoACiQKJAm4CbgJ3AncCaAJoAn4CfgKZApkCfAJ8An4CfgKEAoQCawJrApcClwLxAvEAQABAARUBFQDNAM0AQQBBANkA2QKaApoC2QLZAJQAlAKrAqsEsQSxACMAIwB/AH8A4ADgAUkBSQFDAUMA8wDzATABMACMAIwB3wHfASsBKwB/AH8AswCzATgBOADCAMICxQLFAVwBXACvAK8BTwFPAIEAgQAgACAAvAC8AusC6wAGAAYHeAd4AH8AfwHiAeIH/wdAAK4ArgTLBCIF/wVmDYENgQAAAAAAAAAAAAAAAA== ,
SXS,207,Nilis ,Uiterwiekus,M,belgae,druidism,5,5,5,5,150,90,30,421,,,,yes,lustful|brave|brain_damaged|steadfast|energetic ,,,,XoNLeGBGc2Nev0KYApMCkwJ4AngClwKXAnACcAKBAoECcAJwAm8CbwJuAm4CiAKIAnsCewKJAokEiATTAo4CjgFUAVQCkQKRAnwCfAT7Am4CfAJ8ApgCmAJ9An0CmQKZAmwCbAFjAWMCjgKOArECcgJvAm8CiQKJAn4CdAKNAo0CjwKPAnoCegJ/An8DqgOqAWEBYQKKAooClAKUAoECgQJrAmsCnwKMApQClAJmAmYClgKWAo4CjgKTApMCmQKZAmwCbAJxAnEClQKVAosCiwOlA6UCgAKAAooCagKYApgCiwKLAmkChQHTAswA4gDiAFQAVAAhACEC6gLqAUkBSQDbANsBewF7AVQBVAAFAAUEqgSqAWUBZQB/AH8AYwBjAD4APgDqAOoBYAFgADoAOgC/AL8BYQFhASQBJAB/AH8BVgFWAOYA5gEvAS8AQwBDAUEBQQTsBOwAOgA6AHoAiQAxADECzgLOADsAOwB4AHgGAAZ1AIQAfwBWAD4PkQd4AE8A9gRNBE4DzQWUDf8NAgAAAAAAAAAAAAAAAA== ,
MAC,208,Timokratos ,Georgid,M,roman,roman_pantheon,5,5,5,5,150,90,30,417,,,,yes,plain_speaking|lustful|prominent|confident|just ,,,,UesAACJPAACH4QAAAn8AfwJ/AH8CfwB/An8AfwJ/AH8CiQB/AqUAfwJ/AH8CfwB/An8AfwKbAH8CfwB/ACoAfwLKAH8CfwB/An8AfwJ/AH8CfwB/BKUAfwEeAH8CyQB/AnwAfwJ/AH8DsQB/An8AfwJ/AH8CPwB/AvsAfwJ/AH8CpwB/An8AfwJ/AH8BJgB/A7UAfwJ/AH8CfwB/An8AfwK9AH8CfwB/An8AfwJ/AH8CAAB/AkwAfwJpAH8CfwB/AowAfwJ/AH8CfwB/ApwAfwKpAH8CYgB/AqEAfwJ/AH8CNAB/AlcAfwIAAH8AAAB/AAAAfwAAAH8AAAB/AAAAfwABAH8AAQB/AAIAfwAAAH8AAAB/AAAAfwFaAH8AAAB/AAAAfwAAAH8AAQB/At0AfwAAAH8AAAB/AQAAfwAAAH8AXQB/AAAAfwEGAH8AAAB/AAAAfwACAH8AAAB/BIMAfwAAAH8BoAB/AAAAfwAAAH8IHgB/AAAAfwB5AH8JQwAAAIQAAAA1AAABOwAAAM8AAAAAAAAAAAAAAAAAAA==,
ZHZ,209,Weikwan,Mu,M,zhangzhung,bon_religion,5,5,5,5,150,90,30,415,,,,yes,sarcastic|honest|intelligent|sceptical,,,,CucK52lRmYDwtvC2A6cDnAJzAnMCbwJvAncCdwKYApcCZwJnAnQCdAOXA6UCewJnAVcBVwKsA7IAQQBBAmgCaAJ5AnsCJwJ1AWUBZQBjAAYCmQKZAo0CjAFRAVECbAJsAncCdwJ1AnUCgAJ5AVEBOwFZACICjgKIA9QDsQKCAngCsgKVAmoCagJoAncEUQSQAtsCdAJ5AnkChAKEAo4CjgKPAo8CaQJpAo0CjQJtAoMDogOiBLgEuAKQApACWgJ3AlQCeAEdACUCjgKCApsCfQLNAo0CaQKEAskCdwJBAoACagJqAoQChAIAAtYAmABXAIIAggBwAHABCgEKAJgAvgByAHICsgE/AIcAWABfAF8EzQTNAv8A/gB/AH8BjACFAa4ANgD2APYC+gL6AqMCowBQAFAB4QHhAFkAWQBwAH8AKAAoApsCmwFBAX8AwADAAOgA6ASvBK8AXQBdASoBKgEDAQMBTgFOAPAA0wRxBN0ItguHAH4AfwIAA8UAAhGOAa0BogFrAWsPAA8WBo4HjgAAAAAAAAAAALEAAA== ,
SEL,210,Telesarchos,Telesarchid,M,macedonian,roman_pantheon,9,3,4,3,200,90,50,425,,,,,disciplined|stubborn|cautious|cold|tactician,,,,,
SEL,211,Hermogenes,Hermogenid,M,macedonian,roman_pantheon,10,2,3,5,200,90,50,420,,,,,arrogant|prominent,,,,,
SEL,212,Dionysios,Dionysid,M,aegean,roman_pantheon,8,3,4,4,200,90,50,429,,,,,tactician,,,,,
MAC,213,Pleistarchos,Antipatrid,M,macedonian,roman_pantheon,8,8,5,4,150,90,50,405,,,,,antipatrid|stubborn|submissive,,,,,
MAC,214,Alexarchos,Antipatrid,M,macedonian,roman_pantheon,4,7,5,7,150,90,30,407,,,,,antipatrid|scholar|monotonous,,,,,
